{
    "name": "Sneak Attack",
    "total": 82,
    "seen": [
        "100",
        "101",
        "102",
        "22",
        "23",
        "24",
        "25",
        "36",
        "37",
        "38",
        "40",
        "41",
        "43",
        "44",
        "45",
        "47",
        "50",
        "55",
        "56",
        "61",
        "62",
        "65",
        "67",
        "69",
        "70",
        "73",
        "74",
        "75",
        "77",
        "79",
        "81",
        "86",
        "91",
        "92",
        "93",
        "96",
        "99"
    ],
    "run": [
        "24",
        "36",
        "37",
        "41",
        "44",
        "50",
        "56",
        "61",
        "73",
        "74",
        "79",
        "86",
        "91",
        "92",
        "96",
        "99"
    ],
    "pick_number": 5.756756756756757,
    "wins": 26,
    "losses": 23,
    "players": [
        {
            "name": "Alexotl",
            "pick": [
                "61",
                "93",
                "99"
            ],
            "run": [
                "61",
                "99"
            ],
            "pick_number": 5.333333333333333,
            "wins": 2,
            "losses": 4
        },
        {
            "name": "big big big big dumps",
            "pick": [
                "100",
                "23",
                "37",
                "77",
                "79",
                "86",
                "92"
            ],
            "run": [
                "37",
                "79",
                "86",
                "92"
            ],
            "pick_number": 5.857142857142857,
            "wins": 2,
            "losses": 8
        },
        {
            "name": "Nenni",
            "pick": [
                "101",
                "40",
                "41",
                "43",
                "44",
                "47",
                "50",
                "55",
                "56",
                "62",
                "65",
                "67",
                "69",
                "70",
                "74",
                "75",
                "81",
                "96"
            ],
            "run": [
                "41",
                "44",
                "50",
                "56",
                "74",
                "96"
            ],
            "pick_number": 6.388888888888889,
            "wins": 12,
            "losses": 7
        },
        {
            "name": "shinydog",
            "pick": [
                "102",
                "22",
                "24",
                "25",
                "36",
                "38",
                "45",
                "73",
                "91"
            ],
            "run": [
                "24",
                "36",
                "73",
                "91"
            ],
            "pick_number": 4.555555555555555,
            "wins": 10,
            "losses": 4
        }
    ]
}